Customer ID,Customer Name,Contact Information,Company Name
101,John Doe,john.doe@example.com,Snowski Sports
102,Jane Smith,jane.smith@example.com,Snowtopia Gear
103,Alice Johnson,alice.johnson@example.com,AlpineRiders
104,Bob Wilson,bob.wilson@example.com,SkiWiz
105,Emily Brown,emily.brown@example.com,Mountain Gear
106,David Lee,david.lee@example.com,SnowGearz
107,Sarah White,sarah.white@example.com,FrostyFlakes
108,Michael Green,michael.green@example.com,Winter Apparel
109,Laura Davis,laura.davis@example.com,SummitSleds
110,Mark Wilson,mark.wilson@example.com,FrostyGoggles
111,William Turner,william.turner@example.com,SkiMasters
112,Olivia Hall,olivia.hall@example.com,SnowPeak
113,Ethan Anderson,ethan.anderson@example.com,SnowMotion
114,Mia Perez,mia.perez@example.com,Outdoor Outfits
115,James Scott,james.scott@example.com,SnowRiders
116,Lily Walker,lily.walker@example.com,SnowSlope
117,Benjamin King,benjamin.king@example.com,SnowCraft
118,Sophia Adams,sophia.adams@example.com,SummitSki
119,Henry Miller,henry.miller@example.com,SnowAdventures
120,Amelia Nelson,amelia.nelson@example.com,SnowPeak
121,Daniel Roberts,daniel.roberts@example.com,SnowMotion
122,Emily Carter,emily.carter@example.com,SnowTech
123,Michael Adams,michael.adams@example.com,SnowRiders
124,Olivia Lewis,olivia.lewis@example.com,SnowSlope
125,William Parker,william.parker@example.com,SnowCraft
126,Mia Hall,mia.hall@example.com,SummitSki
127,Benjamin Turner,benjamin.turner@example.com,SnowAdventures
128,Sophia Smith,sophia.smith@example.com,SnowPeak
129,Henry Johnson,henry.johnson@example.com,SnowMotion
130,Amelia Wilson,amelia.wilson@example.com,SnowTech
131,Daniel Davis,daniel.davis@example.com,SnowRiders
132,Emily Garcia,emily.garcia@example.com,SnowSlope
133,William Thomas,william.thomas@example.com,SnowCraft
134,Olivia Robinson,olivia.robinson@example.com,SummitSki
135,Benjamin White,benjamin.white@example.com,SnowAdventures
136,Sophia Lee,sophia.lee@example.com,SnowPeak
137,Henry Martinez,henry.martinez@example.com,SnowMotion
138,Amelia Scott,amelia.scott@example.com,SnowTech
139,Daniel Anderson,daniel.anderson@example.com,SnowRiders
140,Emily Johnson,emily.johnson@example.com,SnowSlope
141,William Martinez,william.martinez@example.com,SnowCraft
142,Olivia Lewis,olivia.lewis@example.com,SummitSki
143,Benjamin Turner,benjamin.turner@example.com,SnowAdventures
144,Sophia Smith,sophia.smith@example.com,SnowPeak
145,Henry Johnson,henry.johnson@example.com,SnowMotion
146,Amelia Wilson,amelia.wilson@example.com,SnowTech
147,Daniel Anderson,daniel.anderson@example.com,SnowRiders
148,Emily Johnson,emily.johnson@example.com,SnowSlope
149,William Martinez,william.martinez@example.com,SnowCraft
150,Olivia Lewis,olivia.lewis@example.com,SummitSki
151,Benjamin Turner,benjamin.turner@example.com,SnowAdventures
152,Sophia Smith,sophia.smith@example.com,SnowPeak
153,Henry Johnson,henry.johnson@example.com,SnowMotion
154,Amelia Wilson,amelia.wilson@example.com,SnowTech
155,Daniel Anderson,daniel.anderson@example.com,SnowRiders
156,Emily Johnson,emily.johnson@example.com,SnowSlope
157,William Martinez,william.martinez@example.com,SnowCraft
158,Olivia Lewis,olivia.lewis@example.com,SummitSki
159,Benjamin Turner,benjamin.turner@example.com,SnowAdventures
160,Sophia Smith,sophia.smith@example.com,SnowPeak
161,Henry Johnson,henry.johnson@example.com,SnowMotion
162,Amelia Wilson,amelia.wilson@example.com,SnowTech
163,Daniel Anderson,daniel.anderson@example.com,SnowRiders
164,Emily Johnson,emily.johnson@example.com,SnowSlope
165,William Martinez,william.martinez@example.com,SnowCraft
166,Olivia Lewis,olivia.lewis@example.com,SummitSki
167,Benjamin Turner,benjamin.turner@example.com,SnowAdventures
168,Sophia Smith,sophia.smith@example.com,SnowPeak
169,Henry Johnson,henry.johnson@example.com,SnowMotion
170,Amelia Wilson,amelia.wilson@example.com,SnowTech
171,Daniel Anderson,daniel.anderson@example.com,SnowRiders
172,Emily Johnson,emily.johnson@example.com,SnowSlope
173,William Martinez,william.martinez@example.com,SnowCraft
174,Olivia Lewis,olivia.lewis@example.com,SummitSki
175,Benjamin Turner,benjamin.turner@example.com,SnowAdventures
176,Sophia Smith,sophia.smith@example.com,SnowPeak
177,Henry Johnson,henry.johnson@example.com,SnowMotion
178,Amelia Wilson,amelia.wilson@example.com,SnowTech
179,Daniel Anderson,daniel.anderson@example.com,SnowRiders
180,Emily Johnson,emily.johnson@example.com,SnowSlope
181,William Martinez,william.martinez@example.com,SnowCraft
182,Olivia Lewis,olivia.lewis@example.com,SummitSki
183,Benjamin Turner,benjamin.turner@example.com,SnowAdventures
184,Sophia Smith,sophia.smith@example.com,SnowPeak
185,Henry Johnson,henry.johnson@example.com,SnowMotion
186,Amelia Wilson,amelia.wilson@example.com,SnowTech
187,Daniel Anderson,daniel.anderson@example.com,SnowRiders
188,Emily Johnson,emily.johnson@example.com,SnowSlope
189,William Martinez,william.martinez@example.com,SnowCraft
190,Olivia Lewis,olivia.lewis@example.com,SummitSki
191,Benjamin Turner,benjamin.turner@example.com,SnowAdventures
192,Sophia Smith,sophia.smith@example.com,SnowPeak
193,Henry Johnson,henry.johnson@example.com,SnowMotion
194,Amelia Wilson,amelia.wilson@example.com,SnowTech
195,Daniel Anderson,daniel.anderson@example.com,SnowRiders
196,Emily Johnson,emily.johnson@example.com,SnowSlope
197,William Martinez,william.martinez@example.com,SnowCraft
198,Olivia Lewis,olivia.lewis@example.com,SummitSki
199,Benjamin Turner,benjamin.turner@example.com,SnowAdventures